{"cameraMode":{"drawMode":0,"name":"Shaded","section":"Shading Mode"},"sceneLighting":true,"audioPlay":false,"sceneViewState":{"showFog":true,"showMaterialUpdate":false,"showSkybox":true,"showFlares":true,"showImageEffects":true,"showParticleSystems":true},"in2DMode":false,"pivot":{"x":-2.205719470977783,"y":2.062422275543213,"z":-2.276073455810547},"rotation":{"x":0.018254153430461885,"y":-0.35277482867240908,"z":0.006882653106004,"w":0.9355102181434631},"size":0.3073950409889221,"orthographic":false}